{
  "overall_recall": 0.8350340136054423,
  "overall_precision": 0.6316569484936831,
  "by_stage": {
    "understand": {
      "avg_recall": 0.8928571428571429,
      "avg_precision": 0.5505952380952381,
      "count": 14
    },
    "reason": {
      "avg_recall": 0.9277777777777777,
      "avg_precision": 0.8028571428571428,
      "count": 15
    },
    "reflect": {
      "avg_recall": 0.45,
      "avg_precision": 0.7,
      "count": 10
    },
    "analyze": {
      "avg_recall": 1.0,
      "avg_precision": 0.42000000000000004,
      "count": 10
    }
  },
  "details": [
    [
      "how many orders",
      "understand",
      1.0,
      0.75,
      4,
      []
    ],
    [
      "top product categories by sales",
      "understand",
      1.0,
      0.6666666666666666,
      6,
      []
    ],
    [
      "每个州的客户数量",
      "reason",
      1.0,
      1.0,
      5,
      []
    ],
    [
      "average review score",
      "understand",
      1.0,
      0.75,
      4,
      []
    ],
    [
      "monthly sales trend",
      "understand",
      0.6666666666666666,
      0.3333333333333333,
      3,
      [
        "monthly"
      ]
    ],
    [
      "信用卡支付占比",
      "understand",
      0.5,
      0.3333333333333333,
      3,
      [
        "order_payments"
      ]
    ],
    [
      "东南区销售",
      "understand",
      1.0,
      0.6666666666666666,
      3,
      []
    ],
    [
      "哪些品类利润率最高",
      "understand",
      0.3333333333333333,
      0.3333333333333333,
      3,
      [
        "margin",
        "毛利率"
      ]
    ],
    [
      "sellers in Sao Paulo",
      "understand",
      1.0,
      0.125,
      8,
      []
    ],
    [
      "orders delivered on time",
      "understand",
      1.0,
      0.5,
      8,
      []
    ],
    [
      "payment installments analysis",
      "understand",
      1.0,
      0.25,
      4,
      []
    ],
    [
      "product weight and freight",
      "understand",
      1.0,
      0.8333333333333334,
      6,
      []
    ],
    [
      "customer reviews",
      "understand",
      1.0,
      0.8333333333333334,
      6,
      []
    ],
    [
      "geographic distribution",
      "understand",
      1.0,
      0.6666666666666666,
      3,
      []
    ],
    [
      "客单价",
      "understand",
      1.0,
      0.6666666666666666,
      3,
      []
    ],
    [
      "count orders by status",
      "reason",
      1.0,
      1.0,
      8,
      []
    ],
    [
      "total sales by product category",
      "reason",
      0.75,
      0.6,
      15,
      [
        "sales"
      ]
    ],
    [
      "average freight by state",
      "reason",
      1.0,
      0.5,
      12,
      []
    ],
    [
      "monthly GMV in 2018",
      "reason",
      0.75,
      0.6,
      15,
      [
        "monthly"
      ]
    ],
    [
      "review score by seller",
      "reason",
      1.0,
      0.14285714285714285,
      14,
      []
    ],
    [
      "payment type distribution",
      "reason",
      1.0,
      1.0,
      5,
      []
    ],
    [
      "customer city with most orders",
      "reason",
      1.0,
      1.0,
      13,
      []
    ],
    [
      "products with price above 100",
      "reason",
      1.0,
      1.0,
      7,
      []
    ],
    [
      "delivery time analysis",
      "reason",
      1.0,
      1.0,
      8,
      []
    ],
    [
      "seller revenue ranking",
      "reason",
      1.0,
      1.0,
      11,
      []
    ],
    [
      "品类销售额排名",
      "reason",
      0.75,
      0.6,
      15,
      [
        "sales"
      ]
    ],
    [
      "每月订单量趋势",
      "reason",
      0.6666666666666666,
      1.0,
      8,
      [
        "monthly"
      ]
    ],
    [
      "卖家所在城市分布",
      "reason",
      1.0,
      1.0,
      4,
      []
    ],
    [
      "各品类平均运费",
      "reason",
      1.0,
      0.6,
      15,
      []
    ],
    [
      "column order_date not found",
      "reflect",
      0.5,
      1.0,
      1,
      [
        "order_purchase_timestamp"
      ]
    ],
    [
      "function date_format does not exist",
      "reflect",
      0.0,
      0.0,
      0,
      [
        "date_format",
        "strftime"
      ]
    ],
    [
      "column customer_name not found",
      "reflect",
      0.5,
      1.0,
      1,
      [
        "customer_id"
      ]
    ],
    [
      "function to_days does not exist",
      "reflect",
      0.0,
      0.0,
      0,
      [
        "to_days",
        "datediff"
      ]
    ],
    [
      "column product_name not found",
      "reflect",
      0.5,
      1.0,
      1,
      [
        "product_category"
      ]
    ],
    [
      "column sales not found",
      "reflect",
      0.5,
      1.0,
      1,
      [
        "price"
      ]
    ],
    [
      "column revenue not found",
      "reflect",
      1.0,
      1.0,
      1,
      []
    ],
    [
      "column month not found",
      "reflect",
      1.0,
      1.0,
      1,
      []
    ],
    [
      "function to_char does not exist",
      "reflect",
      0.0,
      0.0,
      0,
      [
        "to_char",
        "strftime"
      ]
    ],
    [
      "column seller_name not found",
      "reflect",
      0.5,
      1.0,
      1,
      [
        "seller_id"
      ]
    ],
    [
      "show sales trend",
      "analyze",
      1.0,
      0.6,
      5,
      []
    ],
    [
      "ranking analysis",
      "analyze",
      1.0,
      0.2,
      5,
      []
    ],
    [
      "compare regions",
      "analyze",
      1.0,
      0.4,
      5,
      []
    ],
    [
      "review analysis",
      "analyze",
      1.0,
      0.4,
      5,
      []
    ],
    [
      "payment breakdown",
      "analyze",
      1.0,
      0.4,
      5,
      []
    ],
    [
      "growth rate",
      "analyze",
      1.0,
      0.8,
      5,
      []
    ],
    [
      "margin analysis",
      "analyze",
      1.0,
      0.6,
      5,
      []
    ],
    [
      "distribution breakdown",
      "analyze",
      1.0,
      0.2,
      5,
      []
    ],
    [
      "sales by region",
      "analyze",
      1.0,
      0.4,
      5,
      []
    ],
    [
      "排名分析",
      "analyze",
      1.0,
      0.2,
      5,
      []
    ]
  ]
}